epoch,time,train/box_loss,train/cls_loss,train/dfl_loss,metrics/precision(B),metrics/recall(B),metrics/mAP50(B),metrics/mAP50-95(B),val/box_loss,val/cls_loss,val/dfl_loss,lr/pg0,lr/pg1,lr/pg2
1,6.49701,0.93477,2.66562,1.15689,0.00333,1,0.25628,0.20268,0.53442,2.64782,0.71666,0.000327778,0.000327778,0.06755
2,11.3533,0.68695,2.13884,1.03398,0.88468,0.57254,0.82057,0.65556,0.74511,2.012,0.79521,0.000658929,0.000658929,0.0345478
3,16.1039,0.67616,1.32847,1.01067,0.89421,0.92537,0.96822,0.76111,0.74842,1.79398,0.82708,0.000987881,0.000987881,0.00154344
4,20.8318,0.63033,0.98139,0.96734,0.93516,0.98507,0.98301,0.76866,0.83752,1.16267,0.80323,0.0009901,0.0009901,0.0009901
5,25.6067,0.56691,0.85285,0.95193,0.95297,0.99254,0.99243,0.81042,0.76747,1.05891,0.77539,0.0009868,0.0009868,0.0009868
6,30.3325,0.57489,0.80091,0.94093,0.96931,1,0.99449,0.80802,0.73685,1.02362,0.7536,0.0009835,0.0009835,0.0009835
7,35.052,0.53121,0.75712,0.92857,0.97767,1,0.99448,0.85664,0.61024,0.96753,0.72383,0.0009802,0.0009802,0.0009802
8,39.8233,0.535,0.72705,0.9319,0.9865,1,0.995,0.85572,0.60259,0.9151,0.7376,0.0009769,0.0009769,0.0009769
9,44.5964,0.51348,0.71268,0.92794,0.98528,0.99919,0.99478,0.87729,0.56719,0.85003,0.71059,0.0009736,0.0009736,0.0009736
10,49.4304,0.5148,0.68426,0.9207,0.9915,1,0.99485,0.88598,0.52621,0.81522,0.69876,0.0009703,0.0009703,0.0009703
11,54.1786,0.4906,0.65722,0.91903,0.99834,1,0.995,0.91006,0.4445,0.7547,0.68285,0.000967,0.000967,0.000967
12,58.9425,0.48373,0.62983,0.91827,0.99873,1,0.995,0.91094,0.44184,0.69807,0.68295,0.0009637,0.0009637,0.0009637
13,63.6967,0.46874,0.62312,0.9236,0.99835,1,0.995,0.91359,0.43204,0.68528,0.67689,0.0009604,0.0009604,0.0009604
14,68.4385,0.45914,0.60669,0.90678,0.99866,1,0.995,0.9283,0.39656,0.65141,0.67298,0.0009571,0.0009571,0.0009571
15,73.2089,0.46693,0.60581,0.91341,0.99907,1,0.995,0.92181,0.40267,0.63682,0.67184,0.0009538,0.0009538,0.0009538
16,77.9355,0.48523,0.60589,0.91098,0.99914,1,0.995,0.89155,0.49212,0.64633,0.68202,0.0009505,0.0009505,0.0009505
17,82.6705,0.43663,0.56531,0.89956,0.99911,1,0.995,0.93209,0.37932,0.61377,0.66591,0.0009472,0.0009472,0.0009472
18,87.4663,0.45981,0.55611,0.90674,0.99932,1,0.995,0.92741,0.38112,0.59597,0.67122,0.0009439,0.0009439,0.0009439
19,92.3063,0.44702,0.55364,0.91087,0.99942,1,0.995,0.93158,0.39131,0.60598,0.6735,0.0009406,0.0009406,0.0009406
20,97.0864,0.46612,0.54232,0.90883,0.99923,1,0.995,0.91284,0.45644,0.60598,0.68273,0.0009373,0.0009373,0.0009373
21,101.847,0.4525,0.53825,0.91592,0.99916,1,0.995,0.92429,0.39223,0.56231,0.67321,0.000934,0.000934,0.000934
22,106.59,0.46209,0.51975,0.91312,0.99898,1,0.995,0.91538,0.44665,0.57725,0.68359,0.0009307,0.0009307,0.0009307
23,111.342,0.43975,0.52412,0.90177,0.99913,1,0.995,0.89539,0.51206,0.57984,0.69994,0.0009274,0.0009274,0.0009274
24,116.12,0.44411,0.52506,0.91156,0.99905,1,0.995,0.92556,0.38343,0.54121,0.66515,0.0009241,0.0009241,0.0009241
25,120.876,0.44698,0.50962,0.90802,0.99934,1,0.995,0.93031,0.37855,0.53548,0.66684,0.0009208,0.0009208,0.0009208
26,125.65,0.4174,0.50199,0.89989,0.99934,1,0.995,0.92584,0.39004,0.52003,0.66661,0.0009175,0.0009175,0.0009175
27,130.411,0.41615,0.49855,0.89632,0.99929,1,0.995,0.93047,0.36037,0.50367,0.65932,0.0009142,0.0009142,0.0009142
28,135.232,0.41971,0.48405,0.8952,0.99898,1,0.995,0.92043,0.40593,0.5048,0.66898,0.0009109,0.0009109,0.0009109
29,140.005,0.43581,0.48722,0.89439,0.999,1,0.995,0.92851,0.36834,0.49588,0.66134,0.0009076,0.0009076,0.0009076
30,144.791,0.41807,0.47338,0.89525,0.99911,1,0.995,0.92283,0.39106,0.49387,0.66231,0.0009043,0.0009043,0.0009043
31,149.542,0.39481,0.47876,0.88883,0.99917,1,0.995,0.91397,0.42034,0.49256,0.67172,0.000901,0.000901,0.000901
32,154.3,0.40603,0.46653,0.89685,0.99884,1,0.995,0.9165,0.41352,0.49727,0.67246,0.0008977,0.0008977,0.0008977
33,159.035,0.40049,0.46239,0.88771,0.99891,1,0.995,0.93355,0.37947,0.48547,0.6663,0.0008944,0.0008944,0.0008944
34,163.792,0.41902,0.46275,0.90671,0.99891,1,0.995,0.92983,0.38607,0.47612,0.67505,0.0008911,0.0008911,0.0008911
35,168.618,0.4068,0.45414,0.89761,0.99186,1,0.99485,0.92635,0.41643,0.4827,0.67242,0.0008878,0.0008878,0.0008878
36,173.538,0.40348,0.45089,0.88937,0.99541,1,0.995,0.92977,0.39792,0.49166,0.66809,0.0008845,0.0008845,0.0008845
37,178.334,0.41834,0.44614,0.90488,0.99556,1,0.995,0.93575,0.37293,0.5036,0.66376,0.0008812,0.0008812,0.0008812
38,183.306,0.37903,0.443,0.87987,0.99801,1,0.995,0.92502,0.41049,0.454,0.66343,0.0008779,0.0008779,0.0008779
39,188.244,0.38376,0.4363,0.89182,0.99814,1,0.995,0.93043,0.36757,0.44097,0.6585,0.0008746,0.0008746,0.0008746
40,193.166,0.395,0.43879,0.89317,0.99868,1,0.995,0.94717,0.3168,0.42783,0.65333,0.0008713,0.0008713,0.0008713
41,198.008,0.38487,0.44594,0.89305,0.99915,1,0.995,0.9536,0.31119,0.44893,0.65568,0.000868,0.000868,0.000868
42,202.803,0.3905,0.42813,0.89149,0.99895,1,0.995,0.93615,0.35264,0.46052,0.65525,0.0008647,0.0008647,0.0008647
43,207.568,0.38401,0.41969,0.8926,0.99937,1,0.995,0.94153,0.3406,0.42188,0.65695,0.0008614,0.0008614,0.0008614
44,212.372,0.39298,0.4295,0.88325,0.99921,1,0.995,0.94229,0.32336,0.41239,0.64712,0.0008581,0.0008581,0.0008581
45,217.258,0.37616,0.42326,0.8963,0.99914,1,0.995,0.93456,0.3494,0.41983,0.6521,0.0008548,0.0008548,0.0008548
46,222.067,0.38405,0.42033,0.88515,0.99866,1,0.995,0.93405,0.35014,0.43423,0.65224,0.0008515,0.0008515,0.0008515
47,226.894,0.38663,0.41661,0.88699,0.99767,1,0.995,0.94922,0.31935,0.41431,0.65107,0.0008482,0.0008482,0.0008482
48,231.726,0.38865,0.42419,0.89626,0.99766,1,0.995,0.94296,0.34211,0.41435,0.65715,0.0008449,0.0008449,0.0008449
49,236.533,0.36722,0.39891,0.88833,0.99794,1,0.995,0.95334,0.30301,0.39945,0.6457,0.0008416,0.0008416,0.0008416
50,241.346,0.3755,0.40758,0.88795,0.99851,1,0.995,0.95948,0.28573,0.39986,0.64247,0.0008383,0.0008383,0.0008383
51,246.196,0.37877,0.41047,0.89175,0.99841,1,0.995,0.9569,0.27376,0.41002,0.64134,0.000835,0.000835,0.000835
52,251.069,0.37479,0.3952,0.88313,0.99861,1,0.995,0.95375,0.30214,0.4095,0.6435,0.0008317,0.0008317,0.0008317
53,255.927,0.36836,0.39533,0.88574,0.99238,1,0.995,0.94789,0.32027,0.40998,0.64932,0.0008284,0.0008284,0.0008284
54,260.704,0.39216,0.3943,0.89123,0.99174,1,0.9947,0.95263,0.29476,0.39869,0.64451,0.0008251,0.0008251,0.0008251
55,265.503,0.35881,0.40027,0.89098,0.9918,1,0.99263,0.94252,0.33358,0.40915,0.65081,0.0008218,0.0008218,0.0008218
56,270.39,0.3549,0.39545,0.89567,0.99162,1,0.99374,0.95021,0.30143,0.38959,0.6446,0.0008185,0.0008185,0.0008185
57,275.239,0.35876,0.39008,0.88362,0.99121,1,0.995,0.93914,0.33762,0.37638,0.6473,0.0008152,0.0008152,0.0008152
58,280.055,0.36793,0.39696,0.88544,0.99254,1,0.995,0.95963,0.29638,0.37213,0.64039,0.0008119,0.0008119,0.0008119
59,284.867,0.37785,0.39001,0.89477,0.99158,1,0.995,0.96002,0.29885,0.37377,0.64102,0.0008086,0.0008086,0.0008086
60,289.657,0.3536,0.38184,0.87989,0.99657,1,0.995,0.95251,0.30679,0.38002,0.64179,0.0008053,0.0008053,0.0008053
61,294.454,0.3437,0.37819,0.88001,0.99244,1,0.995,0.95392,0.29382,0.39075,0.64404,0.000802,0.000802,0.000802
62,299.326,0.36532,0.36981,0.88385,0.99512,1,0.995,0.9552,0.28385,0.39404,0.64108,0.0007987,0.0007987,0.0007987
63,304.148,0.34831,0.37441,0.88048,0.99661,1,0.995,0.95503,0.30063,0.38169,0.64292,0.0007954,0.0007954,0.0007954
64,308.957,0.3572,0.37749,0.87425,0.99849,1,0.995,0.95671,0.2703,0.36175,0.6359,0.0007921,0.0007921,0.0007921
65,313.749,0.354,0.38537,0.88949,0.99818,1,0.995,0.95935,0.27671,0.36181,0.63635,0.0007888,0.0007888,0.0007888
66,318.581,0.34254,0.37033,0.87712,0.99785,1,0.995,0.95818,0.27212,0.37268,0.63913,0.0007855,0.0007855,0.0007855
67,323.392,0.34406,0.36531,0.8842,0.99852,1,0.995,0.95084,0.29462,0.3787,0.6402,0.0007822,0.0007822,0.0007822
68,328.189,0.34824,0.36635,0.88008,0.99866,1,0.995,0.9509,0.29943,0.3587,0.64305,0.0007789,0.0007789,0.0007789
69,333.002,0.35085,0.369,0.88468,0.99702,1,0.995,0.94597,0.32203,0.37364,0.64423,0.0007756,0.0007756,0.0007756
70,337.838,0.3493,0.35598,0.88243,0.99893,1,0.995,0.95796,0.29239,0.34134,0.64078,0.0007723,0.0007723,0.0007723
71,342.702,0.35204,0.36903,0.88031,0.99935,1,0.995,0.93277,0.37569,0.3596,0.65872,0.000769,0.000769,0.000769
72,347.649,0.34333,0.35123,0.88728,0.99911,1,0.995,0.94394,0.32077,0.33022,0.64684,0.0007657,0.0007657,0.0007657
73,352.418,0.3351,0.34903,0.87891,0.99888,1,0.995,0.9521,0.30858,0.34242,0.64392,0.0007624,0.0007624,0.0007624
74,357.212,0.33901,0.36113,0.88259,0.99834,1,0.995,0.95356,0.29133,0.34927,0.64069,0.0007591,0.0007591,0.0007591
75,362.004,0.33693,0.3525,0.8788,0.99342,1,0.995,0.9503,0.30452,0.3572,0.64402,0.0007558,0.0007558,0.0007558
76,366.791,0.33535,0.35443,0.88005,0.99136,1,0.995,0.95074,0.30955,0.36725,0.64621,0.0007525,0.0007525,0.0007525
77,371.609,0.33355,0.35675,0.87202,0.99097,1,0.99493,0.9582,0.287,0.36559,0.64101,0.0007492,0.0007492,0.0007492
78,376.397,0.34822,0.36025,0.8779,0.99194,1,0.9947,0.94946,0.30384,0.3647,0.64031,0.0007459,0.0007459,0.0007459
79,381.245,0.32806,0.34736,0.87706,0.99116,1,0.99463,0.95357,0.28567,0.33933,0.63822,0.0007426,0.0007426,0.0007426
80,386.051,0.33404,0.35404,0.87079,0.99151,1,0.99456,0.95811,0.27881,0.33801,0.63937,0.0007393,0.0007393,0.0007393
81,390.836,0.33651,0.34974,0.88318,0.99123,1,0.99433,0.9522,0.30395,0.35805,0.64373,0.000736,0.000736,0.000736
82,395.658,0.33301,0.355,0.88739,0.99331,1,0.995,0.96117,0.28751,0.33941,0.63753,0.0007327,0.0007327,0.0007327
83,400.474,0.35112,0.3538,0.88168,0.99515,1,0.995,0.9585,0.28118,0.33412,0.63665,0.0007294,0.0007294,0.0007294
84,405.264,0.34135,0.35077,0.88581,0.99145,1,0.99419,0.96094,0.2729,0.34006,0.63621,0.0007261,0.0007261,0.0007261
85,410.071,0.32384,0.33771,0.86963,0.99136,1,0.99441,0.96478,0.2751,0.33494,0.63988,0.0007228,0.0007228,0.0007228
86,414.881,0.33456,0.33794,0.87534,0.99219,1,0.995,0.95058,0.30781,0.34102,0.64257,0.0007195,0.0007195,0.0007195
87,419.763,0.32644,0.34237,0.8764,0.99154,1,0.9947,0.95746,0.2874,0.33773,0.64026,0.0007162,0.0007162,0.0007162
88,424.582,0.33273,0.3418,0.87424,0.99143,1,0.9947,0.96043,0.27548,0.34171,0.63665,0.0007129,0.0007129,0.0007129
89,429.352,0.34274,0.35412,0.88788,0.99184,1,0.99374,0.95776,0.29197,0.34519,0.6426,0.0007096,0.0007096,0.0007096
90,434.152,0.34354,0.35167,0.88433,0.99161,1,0.99433,0.96357,0.27647,0.34736,0.64082,0.0007063,0.0007063,0.0007063
91,438.938,0.32828,0.3376,0.87815,0.99153,1,0.995,0.96387,0.26749,0.35039,0.64013,0.000703,0.000703,0.000703
92,443.756,0.32718,0.33561,0.87954,0.99144,1,0.99478,0.95886,0.28152,0.33913,0.63799,0.0006997,0.0006997,0.0006997
93,448.54,0.32506,0.32915,0.87707,0.99143,1,0.99478,0.96784,0.25129,0.33658,0.63394,0.0006964,0.0006964,0.0006964
94,453.357,0.31782,0.33752,0.8729,0.9916,1,0.99448,0.96005,0.26861,0.33429,0.63764,0.0006931,0.0006931,0.0006931
95,458.198,0.33182,0.33454,0.87077,0.99164,1,0.99367,0.96404,0.26504,0.32578,0.63862,0.0006898,0.0006898,0.0006898
96,463.064,0.32558,0.32768,0.87892,0.99117,1,0.9927,0.96011,0.27164,0.339,0.63908,0.0006865,0.0006865,0.0006865
97,467.865,0.31631,0.32891,0.87418,0.99101,1,0.99293,0.9549,0.27592,0.3463,0.63758,0.0006832,0.0006832,0.0006832
98,472.653,0.32466,0.32227,0.87349,0.99165,1,0.995,0.94978,0.29199,0.3247,0.63742,0.0006799,0.0006799,0.0006799
99,477.443,0.32097,0.3287,0.87191,0.99478,1,0.995,0.95976,0.28416,0.32704,0.63501,0.0006766,0.0006766,0.0006766
100,482.244,0.31682,0.33067,0.87618,0.99201,1,0.995,0.95995,0.28284,0.33713,0.63728,0.0006733,0.0006733,0.0006733
101,487.024,0.31743,0.32409,0.87636,0.99534,1,0.995,0.9542,0.30287,0.33856,0.64009,0.00067,0.00067,0.00067
102,491.825,0.32496,0.32974,0.87838,0.99275,1,0.995,0.95602,0.28329,0.32373,0.63749,0.0006667,0.0006667,0.0006667
103,496.636,0.32925,0.32919,0.86839,0.99216,1,0.995,0.9571,0.29009,0.31711,0.63678,0.0006634,0.0006634,0.0006634
104,501.517,0.32866,0.33509,0.88073,0.99856,1,0.995,0.96031,0.2745,0.30346,0.6373,0.0006601,0.0006601,0.0006601
105,506.324,0.3026,0.31752,0.87414,0.99761,1,0.995,0.95391,0.2807,0.30962,0.63795,0.0006568,0.0006568,0.0006568
106,511.168,0.32085,0.32702,0.87585,0.9963,1,0.995,0.95691,0.27202,0.31999,0.63543,0.0006535,0.0006535,0.0006535
107,515.974,0.32732,0.33254,0.87731,0.99191,1,0.995,0.96478,0.25586,0.32642,0.63342,0.0006502,0.0006502,0.0006502
108,520.768,0.31711,0.31318,0.88125,0.99175,1,0.995,0.95396,0.28628,0.33391,0.63726,0.0006469,0.0006469,0.0006469
109,525.571,0.32176,0.32829,0.87963,0.99128,1,0.99419,0.95072,0.30109,0.34232,0.63947,0.0006436,0.0006436,0.0006436
110,530.394,0.30909,0.31215,0.87112,0.99138,1,0.99359,0.95345,0.29206,0.32913,0.64022,0.0006403,0.0006403,0.0006403
111,535.222,0.32004,0.31746,0.86864,0.99164,1,0.99374,0.97173,0.25156,0.32071,0.63525,0.000637,0.000637,0.000637
112,540.022,0.31777,0.32551,0.87359,0.99092,1,0.99493,0.97188,0.25528,0.31579,0.63597,0.0006337,0.0006337,0.0006337
113,544.862,0.31294,0.31428,0.88082,0.99221,1,0.995,0.94969,0.30202,0.31981,0.6411,0.0006304,0.0006304,0.0006304
114,549.659,0.30749,0.31256,0.87803,0.99184,1,0.995,0.95709,0.27624,0.32314,0.63612,0.0006271,0.0006271,0.0006271
115,554.432,0.32476,0.32036,0.87844,0.99145,1,0.99463,0.96595,0.26168,0.32952,0.63404,0.0006238,0.0006238,0.0006238
116,559.233,0.32304,0.32513,0.8829,0.99079,1,0.99463,0.94407,0.32688,0.35111,0.6444,0.0006205,0.0006205,0.0006205
117,564.002,0.31456,0.31154,0.88111,0.9915,1,0.99396,0.94531,0.31982,0.34248,0.64507,0.0006172,0.0006172,0.0006172
118,568.792,0.30543,0.31131,0.87578,0.99111,1,0.99359,0.96634,0.26245,0.32327,0.6363,0.0006139,0.0006139,0.0006139
119,573.621,0.31969,0.31196,0.86755,0.99147,1,0.99485,0.96884,0.26542,0.325,0.63515,0.0006106,0.0006106,0.0006106
120,578.387,0.3104,0.31642,0.87489,0.99153,1,0.99463,0.95896,0.27362,0.32133,0.6344,0.0006073,0.0006073,0.0006073
121,583.167,0.31665,0.31878,0.88017,0.99185,1,0.995,0.96197,0.26617,0.31094,0.63617,0.000604,0.000604,0.000604
122,588.016,0.30545,0.3012,0.87277,0.99132,1,0.99367,0.95744,0.27204,0.31457,0.6357,0.0006007,0.0006007,0.0006007
123,592.818,0.31564,0.31162,0.87241,0.99086,1,0.99293,0.96547,0.25429,0.313,0.63258,0.0005974,0.0005974,0.0005974
124,597.625,0.28456,0.30051,0.88103,0.99144,1,0.99404,0.95786,0.27477,0.31163,0.63431,0.0005941,0.0005941,0.0005941
125,602.382,0.30066,0.30513,0.86904,0.99189,1,0.99485,0.96097,0.27625,0.31574,0.63441,0.0005908,0.0005908,0.0005908
126,607.146,0.30813,0.31765,0.87139,0.99184,1,0.995,0.96678,0.25156,0.31057,0.63131,0.0005875,0.0005875,0.0005875
127,611.949,0.30246,0.30481,0.87099,0.99181,1,0.9947,0.96468,0.26418,0.31479,0.63383,0.0005842,0.0005842,0.0005842
128,616.762,0.31241,0.31071,0.86824,0.99133,1,0.9947,0.95935,0.27806,0.31484,0.63456,0.0005809,0.0005809,0.0005809
129,621.557,0.30592,0.30673,0.85945,0.99081,1,0.99448,0.95663,0.27209,0.30654,0.6343,0.0005776,0.0005776,0.0005776
130,626.449,0.29968,0.29816,0.86848,0.99133,1,0.99478,0.95847,0.26556,0.30246,0.63404,0.0005743,0.0005743,0.0005743
131,631.276,0.30186,0.30047,0.86745,0.99163,1,0.99433,0.95775,0.27088,0.30857,0.63612,0.000571,0.000571,0.000571
132,636.1,0.29755,0.30751,0.8751,0.99186,1,0.995,0.95778,0.27838,0.31844,0.63752,0.0005677,0.0005677,0.0005677
133,640.916,0.31551,0.30821,0.8713,0.99803,1,0.995,0.96198,0.27359,0.31489,0.63664,0.0005644,0.0005644,0.0005644
134,645.726,0.29196,0.29768,0.87983,0.99688,1,0.995,0.9604,0.26998,0.3107,0.63657,0.0005611,0.0005611,0.0005611
135,650.56,0.30104,0.30458,0.87721,0.9922,1,0.995,0.96734,0.25602,0.30077,0.63593,0.0005578,0.0005578,0.0005578
136,655.368,0.30068,0.30301,0.87151,0.99198,1,0.995,0.95187,0.30349,0.30558,0.64169,0.0005545,0.0005545,0.0005545
137,660.176,0.30653,0.30164,0.88367,0.99194,1,0.995,0.95866,0.28351,0.30747,0.6394,0.0005512,0.0005512,0.0005512
138,665.02,0.3014,0.29571,0.87232,0.99247,1,0.995,0.96269,0.28546,0.29777,0.63737,0.0005479,0.0005479,0.0005479
139,669.825,0.30377,0.29896,0.88404,0.99244,1,0.995,0.96172,0.27805,0.29781,0.63819,0.0005446,0.0005446,0.0005446
140,674.633,0.28575,0.28875,0.86961,0.99231,1,0.995,0.96797,0.265,0.29342,0.63473,0.0005413,0.0005413,0.0005413
141,679.442,0.31113,0.30882,0.88004,0.992,1,0.995,0.95764,0.28045,0.3029,0.63535,0.000538,0.000538,0.000538
142,684.261,0.2927,0.29897,0.87042,0.99183,1,0.99478,0.95439,0.28946,0.30079,0.63576,0.0005347,0.0005347,0.0005347
143,689.095,0.3018,0.29842,0.87175,0.99186,1,0.9947,0.95606,0.28686,0.28733,0.63529,0.0005314,0.0005314,0.0005314
144,693.889,0.29982,0.29587,0.86673,0.99194,1,0.99493,0.96754,0.27347,0.28265,0.63403,0.0005281,0.0005281,0.0005281
145,698.707,0.29486,0.29091,0.87029,0.99185,1,0.99485,0.96556,0.28101,0.29235,0.63688,0.0005248,0.0005248,0.0005248
146,703.519,0.30186,0.2957,0.86768,0.99188,1,0.995,0.9693,0.25413,0.288,0.63475,0.0005215,0.0005215,0.0005215
147,708.395,0.29278,0.29382,0.87022,0.99273,1,0.995,0.96113,0.27512,0.28662,0.63547,0.0005182,0.0005182,0.0005182
148,713.21,0.28621,0.29341,0.86895,0.99221,1,0.995,0.95159,0.29873,0.28983,0.63818,0.0005149,0.0005149,0.0005149
149,718.001,0.29838,0.2844,0.86616,0.99207,1,0.99493,0.96074,0.27506,0.28148,0.63397,0.0005116,0.0005116,0.0005116
150,722.812,0.29602,0.29254,0.86394,0.99197,1,0.99493,0.96805,0.25256,0.2812,0.63013,0.0005083,0.0005083,0.0005083
151,727.629,0.29258,0.28719,0.87661,0.99203,1,0.99485,0.97216,0.23684,0.27679,0.62872,0.000505,0.000505,0.000505
152,732.413,0.29726,0.29439,0.87052,0.99199,1,0.995,0.96753,0.23775,0.27462,0.62711,0.0005017,0.0005017,0.0005017
153,737.189,0.30258,0.29262,0.8822,0.99242,1,0.995,0.96406,0.24357,0.28063,0.62843,0.0004984,0.0004984,0.0004984
154,741.978,0.30045,0.2993,0.87427,0.99197,1,0.995,0.963,0.26362,0.28695,0.63192,0.0004951,0.0004951,0.0004951
155,746.848,0.28739,0.29034,0.87531,0.99545,1,0.995,0.96575,0.2509,0.28569,0.62952,0.0004918,0.0004918,0.0004918
156,751.653,0.28508,0.28599,0.86942,0.99451,1,0.995,0.97318,0.24015,0.29535,0.6299,0.0004885,0.0004885,0.0004885
157,756.44,0.28277,0.28164,0.86854,0.99245,1,0.995,0.96802,0.2535,0.29442,0.63301,0.0004852,0.0004852,0.0004852
158,761.289,0.29039,0.28664,0.87277,0.99346,1,0.995,0.96146,0.26522,0.29191,0.63465,0.0004819,0.0004819,0.0004819
159,766.072,0.29245,0.28614,0.86926,0.9921,1,0.995,0.96006,0.27922,0.29969,0.63818,0.0004786,0.0004786,0.0004786
160,770.888,0.29356,0.28821,0.86689,0.99182,1,0.99485,0.97386,0.25257,0.29907,0.63517,0.0004753,0.0004753,0.0004753
161,775.714,0.30821,0.29696,0.87511,0.99156,1,0.99456,0.97051,0.25827,0.3055,0.6365,0.000472,0.000472,0.000472
162,780.522,0.27582,0.27771,0.86447,0.99148,1,0.99463,0.96575,0.25933,0.30676,0.63658,0.0004687,0.0004687,0.0004687
163,785.303,0.28775,0.28378,0.8684,0.99159,1,0.99493,0.96551,0.26175,0.30342,0.63565,0.0004654,0.0004654,0.0004654
164,790.173,0.28847,0.28393,0.86212,0.99231,1,0.995,0.96829,0.26586,0.29961,0.63616,0.0004621,0.0004621,0.0004621
165,794.949,0.27937,0.27473,0.87245,0.99539,1,0.995,0.96754,0.27043,0.29165,0.63769,0.0004588,0.0004588,0.0004588
166,799.79,0.29575,0.28137,0.87436,0.99812,1,0.995,0.96967,0.25109,0.29754,0.63461,0.0004555,0.0004555,0.0004555
167,804.583,0.2862,0.27417,0.86893,0.99808,1,0.995,0.96894,0.25259,0.29811,0.63609,0.0004522,0.0004522,0.0004522
168,809.379,0.27545,0.27371,0.86433,0.99744,1,0.995,0.97139,0.25068,0.2942,0.6336,0.0004489,0.0004489,0.0004489
169,814.185,0.28335,0.27778,0.86489,0.99259,1,0.995,0.97144,0.25227,0.28822,0.63438,0.0004456,0.0004456,0.0004456
170,818.986,0.29009,0.28241,0.86899,0.99301,1,0.995,0.97307,0.2481,0.29193,0.63353,0.0004423,0.0004423,0.0004423
171,823.788,0.27741,0.27336,0.86461,0.99415,1,0.995,0.97068,0.25089,0.29148,0.63468,0.000439,0.000439,0.000439
172,828.582,0.28485,0.28402,0.8649,0.99793,1,0.995,0.97345,0.25199,0.29281,0.63594,0.0004357,0.0004357,0.0004357
173,833.433,0.28521,0.28267,0.86736,0.99882,1,0.995,0.97315,0.25584,0.28239,0.63688,0.0004324,0.0004324,0.0004324
174,838.237,0.2787,0.27096,0.86451,0.9985,1,0.995,0.96831,0.26601,0.28082,0.63926,0.0004291,0.0004291,0.0004291
175,843.027,0.28364,0.27624,0.86672,0.99729,1,0.995,0.96981,0.26643,0.28306,0.63992,0.0004258,0.0004258,0.0004258
176,847.849,0.2828,0.27757,0.86555,0.99607,1,0.995,0.97426,0.26121,0.27794,0.63925,0.0004225,0.0004225,0.0004225
177,852.652,0.27617,0.27645,0.86512,0.99706,1,0.995,0.96777,0.26991,0.28043,0.63891,0.0004192,0.0004192,0.0004192
178,857.447,0.27033,0.27631,0.8615,0.9975,1,0.995,0.96754,0.26837,0.273,0.63745,0.0004159,0.0004159,0.0004159
179,862.264,0.28486,0.27287,0.86705,0.99879,1,0.995,0.96797,0.25921,0.27222,0.63554,0.0004126,0.0004126,0.0004126
180,867.035,0.27614,0.26943,0.86164,0.99909,1,0.995,0.96857,0.25103,0.27149,0.63507,0.0004093,0.0004093,0.0004093
181,871.838,0.28067,0.27569,0.86551,0.9988,1,0.995,0.9707,0.24043,0.26955,0.63318,0.000406,0.000406,0.000406
182,876.76,0.28905,0.27995,0.864,0.99676,1,0.995,0.97303,0.24316,0.26812,0.63392,0.0004027,0.0004027,0.0004027
183,881.54,0.27165,0.27212,0.86385,0.99229,1,0.995,0.97014,0.2456,0.26925,0.6347,0.0003994,0.0003994,0.0003994
184,886.356,0.28346,0.27541,0.87109,0.99224,1,0.995,0.96779,0.24798,0.26388,0.63424,0.0003961,0.0003961,0.0003961
185,891.197,0.28793,0.28115,0.86414,0.99254,1,0.995,0.96575,0.2611,0.25893,0.63589,0.0003928,0.0003928,0.0003928
186,895.988,0.27687,0.27657,0.86504,0.99251,1,0.995,0.9613,0.28855,0.2627,0.63927,0.0003895,0.0003895,0.0003895
187,900.773,0.2908,0.27732,0.86234,0.99704,1,0.995,0.96775,0.25929,0.26517,0.63642,0.0003862,0.0003862,0.0003862
188,905.617,0.27314,0.273,0.86976,0.99256,1,0.995,0.97505,0.24268,0.27383,0.63499,0.0003829,0.0003829,0.0003829
189,910.411,0.27727,0.27424,0.86464,0.99179,1,0.995,0.96845,0.26089,0.28176,0.6386,0.0003796,0.0003796,0.0003796
190,915.231,0.27696,0.26894,0.86935,0.99178,1,0.995,0.96889,0.26665,0.2901,0.64072,0.0003763,0.0003763,0.0003763
191,920.115,0.27165,0.26833,0.86288,0.99229,1,0.995,0.97288,0.25799,0.28631,0.64031,0.000373,0.000373,0.000373
192,924.912,0.28252,0.27141,0.8605,0.99243,1,0.995,0.96994,0.26097,0.28586,0.64024,0.0003697,0.0003697,0.0003697
193,929.698,0.27236,0.26936,0.8643,0.99234,1,0.995,0.96764,0.26313,0.28785,0.63882,0.0003664,0.0003664,0.0003664
194,934.485,0.28061,0.27322,0.86867,0.99325,1,0.995,0.96934,0.25315,0.2915,0.63484,0.0003631,0.0003631,0.0003631
195,939.284,0.28048,0.27594,0.85964,0.99472,1,0.995,0.97296,0.24914,0.28592,0.63398,0.0003598,0.0003598,0.0003598
196,944.081,0.28339,0.26782,0.86676,0.99324,1,0.995,0.97165,0.25123,0.28455,0.63542,0.0003565,0.0003565,0.0003565
197,948.885,0.27951,0.27162,0.86157,0.99474,1,0.995,0.96935,0.26392,0.27941,0.63787,0.0003532,0.0003532,0.0003532
198,953.689,0.265,0.26148,0.86204,0.99813,1,0.995,0.97155,0.25425,0.27246,0.63757,0.0003499,0.0003499,0.0003499
199,958.544,0.27064,0.27544,0.86248,0.99256,1,0.995,0.97089,0.25028,0.27283,0.63562,0.0003466,0.0003466,0.0003466
200,963.37,0.27947,0.26932,0.85956,0.99357,1,0.995,0.97559,0.24002,0.27821,0.63561,0.0003433,0.0003433,0.0003433
201,968.186,0.27681,0.27936,0.86493,0.99251,1,0.995,0.97705,0.24046,0.28562,0.63701,0.00034,0.00034,0.00034
202,973.019,0.26864,0.25255,0.86789,0.99253,1,0.995,0.97444,0.24986,0.28059,0.63869,0.0003367,0.0003367,0.0003367
203,977.835,0.26604,0.26761,0.86437,0.99236,1,0.995,0.97194,0.2444,0.27499,0.63654,0.0003334,0.0003334,0.0003334
204,982.628,0.26889,0.26081,0.86874,0.99241,1,0.995,0.97336,0.24425,0.27406,0.6344,0.0003301,0.0003301,0.0003301
205,987.455,0.28469,0.279,0.86249,0.99563,1,0.995,0.97476,0.23958,0.27352,0.63251,0.0003268,0.0003268,0.0003268
206,992.26,0.2679,0.26379,0.86539,0.99497,1,0.995,0.97452,0.23614,0.27134,0.6315,0.0003235,0.0003235,0.0003235
207,997.05,0.26608,0.26163,0.86809,0.99556,1,0.995,0.97621,0.23314,0.26624,0.6306,0.0003202,0.0003202,0.0003202
208,1001.96,0.2703,0.26214,0.86067,0.99314,1,0.995,0.9744,0.2387,0.25702,0.63012,0.0003169,0.0003169,0.0003169
209,1006.75,0.26367,0.25897,0.86807,0.9918,1,0.995,0.97293,0.23477,0.25589,0.629,0.0003136,0.0003136,0.0003136
210,1011.54,0.26738,0.26094,0.87334,0.99213,1,0.995,0.97268,0.23413,0.25976,0.62863,0.0003103,0.0003103,0.0003103
211,1016.35,0.26589,0.26728,0.85642,0.99259,1,0.995,0.96909,0.24133,0.26034,0.62977,0.000307,0.000307,0.000307
212,1021.18,0.26613,0.25754,0.87024,0.99245,1,0.995,0.97215,0.23558,0.26363,0.63138,0.0003037,0.0003037,0.0003037
213,1026.01,0.28055,0.27171,0.86618,0.99284,1,0.995,0.96759,0.2414,0.26834,0.63292,0.0003004,0.0003004,0.0003004
214,1030.83,0.26038,0.25346,0.86151,0.99385,1,0.995,0.97272,0.24424,0.27069,0.63303,0.0002971,0.0002971,0.0002971
215,1035.62,0.26127,0.25526,0.86019,0.99257,1,0.995,0.97215,0.24908,0.27142,0.6332,0.0002938,0.0002938,0.0002938
216,1040.5,0.25176,0.24951,0.86701,0.99252,1,0.995,0.97283,0.23333,0.26796,0.63011,0.0002905,0.0002905,0.0002905
217,1045.3,0.26069,0.25939,0.87392,0.99456,1,0.995,0.97351,0.23331,0.2631,0.62983,0.0002872,0.0002872,0.0002872
218,1050.1,0.26954,0.26719,0.86307,0.9961,1,0.995,0.97279,0.23359,0.26014,0.62871,0.0002839,0.0002839,0.0002839
219,1054.9,0.26681,0.25927,0.8585,0.99601,1,0.995,0.97581,0.24054,0.25495,0.62856,0.0002806,0.0002806,0.0002806
220,1059.73,0.26049,0.25904,0.85656,0.99623,1,0.995,0.97659,0.2309,0.25752,0.62878,0.0002773,0.0002773,0.0002773
221,1064.58,0.25706,0.25461,0.86418,0.99728,1,0.995,0.978,0.23401,0.2611,0.63031,0.000274,0.000274,0.000274
222,1069.39,0.26535,0.25088,0.86075,0.997,1,0.995,0.97332,0.24828,0.25646,0.63204,0.0002707,0.0002707,0.0002707
223,1074.2,0.27698,0.26825,0.86768,0.99501,1,0.995,0.97559,0.24912,0.25809,0.6326,0.0002674,0.0002674,0.0002674
224,1079,0.26545,0.25303,0.87084,0.99761,1,0.995,0.97579,0.23047,0.25621,0.63152,0.0002641,0.0002641,0.0002641
225,1083.84,0.26692,0.26243,0.86079,0.99736,1,0.995,0.97452,0.22796,0.25073,0.62928,0.0002608,0.0002608,0.0002608
226,1088.64,0.27173,0.26472,0.8638,0.99244,1,0.995,0.97703,0.2235,0.24642,0.62802,0.0002575,0.0002575,0.0002575
227,1093.48,0.27679,0.26512,0.86679,0.99231,1,0.995,0.97391,0.22735,0.24629,0.62738,0.0002542,0.0002542,0.0002542
228,1098.29,0.25535,0.25229,0.8716,0.99201,1,0.995,0.97547,0.22775,0.25149,0.62809,0.0002509,0.0002509,0.0002509
229,1103.1,0.26011,0.25358,0.86419,0.99187,1,0.995,0.97257,0.23269,0.25769,0.6283,0.0002476,0.0002476,0.0002476
230,1107.92,0.25981,0.26033,0.86051,0.99199,1,0.995,0.9719,0.23389,0.27108,0.62993,0.0002443,0.0002443,0.0002443
231,1112.7,0.25742,0.25163,0.86507,0.99239,1,0.995,0.97058,0.23424,0.27133,0.63023,0.000241,0.000241,0.000241
232,1117.51,0.25641,0.24827,0.85735,0.99332,1,0.995,0.97196,0.23277,0.27639,0.63059,0.0002377,0.0002377,0.0002377
233,1122.35,0.25928,0.25015,0.85719,0.99706,1,0.995,0.97108,0.23524,0.26666,0.62957,0.0002344,0.0002344,0.0002344
234,1127.19,0.26331,0.25158,0.86048,0.99711,1,0.995,0.97475,0.24305,0.26992,0.63166,0.0002311,0.0002311,0.0002311
235,1131.99,0.25403,0.25066,0.8637,0.99701,1,0.995,0.97453,0.23124,0.2689,0.62971,0.0002278,0.0002278,0.0002278
236,1136.78,0.25839,0.25088,0.86519,0.99666,1,0.995,0.97495,0.23174,0.26201,0.62944,0.0002245,0.0002245,0.0002245
237,1141.6,0.25574,0.25136,0.86568,0.99662,1,0.995,0.9739,0.23021,0.25885,0.62878,0.0002212,0.0002212,0.0002212
238,1146.39,0.27171,0.26376,0.86544,0.99242,1,0.995,0.97406,0.22696,0.25336,0.62697,0.0002179,0.0002179,0.0002179
239,1151.17,0.26328,0.25431,0.86457,0.9923,1,0.995,0.97073,0.24408,0.25068,0.62862,0.0002146,0.0002146,0.0002146
240,1155.98,0.26421,0.25495,0.87088,0.99223,1,0.995,0.97032,0.24545,0.2536,0.62974,0.0002113,0.0002113,0.0002113
241,1160.76,0.2611,0.25568,0.86073,0.99218,1,0.995,0.97187,0.23363,0.25679,0.62882,0.000208,0.000208,0.000208
242,1165.63,0.25765,0.25434,0.86812,0.99272,1,0.995,0.97444,0.23177,0.25056,0.62858,0.0002047,0.0002047,0.0002047
243,1170.43,0.25059,0.24283,0.8655,0.99395,1,0.995,0.97205,0.23559,0.25708,0.62986,0.0002014,0.0002014,0.0002014
244,1175.22,0.25636,0.25368,0.87187,0.99246,1,0.995,0.97433,0.23347,0.2571,0.62912,0.0001981,0.0001981,0.0001981
245,1180.08,0.2544,0.24695,0.86519,0.99198,1,0.995,0.97429,0.23239,0.25396,0.6295,0.0001948,0.0001948,0.0001948
246,1184.9,0.26643,0.2629,0.86535,0.99178,1,0.995,0.97352,0.23502,0.25257,0.62949,0.0001915,0.0001915,0.0001915
247,1189.7,0.25206,0.25053,0.86098,0.99178,1,0.995,0.97391,0.23533,0.24946,0.62856,0.0001882,0.0001882,0.0001882
248,1194.51,0.26212,0.2549,0.8711,0.99182,1,0.99493,0.97378,0.22699,0.24032,0.62735,0.0001849,0.0001849,0.0001849
249,1199.31,0.25734,0.24641,0.86314,0.99185,1,0.99485,0.96966,0.23744,0.24295,0.62819,0.0001816,0.0001816,0.0001816
250,1204.18,0.25473,0.25489,0.86178,0.9919,1,0.995,0.97122,0.23615,0.25253,0.6287,0.0001783,0.0001783,0.0001783
251,1209.08,0.25836,0.2551,0.86518,0.99189,1,0.995,0.9724,0.23602,0.24762,0.62873,0.000175,0.000175,0.000175
252,1213.89,0.24286,0.24173,0.85822,0.99198,1,0.995,0.9758,0.23481,0.24561,0.62913,0.0001717,0.0001717,0.0001717
253,1218.68,0.26121,0.24968,0.86308,0.99202,1,0.995,0.97601,0.23585,0.24465,0.62835,0.0001684,0.0001684,0.0001684
254,1223.5,0.2641,0.26027,0.8694,0.9922,1,0.995,0.97445,0.23392,0.24041,0.6272,0.0001651,0.0001651,0.0001651
255,1228.33,0.25475,0.24512,0.8624,0.99208,1,0.995,0.97515,0.24201,0.24512,0.62806,0.0001618,0.0001618,0.0001618
256,1233.13,0.25513,0.24592,0.86756,0.99192,1,0.995,0.97471,0.22978,0.24899,0.62694,0.0001585,0.0001585,0.0001585
257,1237.95,0.25054,0.24443,0.86393,0.99214,1,0.995,0.97215,0.22757,0.24262,0.62574,0.0001552,0.0001552,0.0001552
258,1242.76,0.26022,0.2514,0.86576,0.99222,1,0.995,0.97444,0.23545,0.24125,0.62758,0.0001519,0.0001519,0.0001519
259,1247.66,0.25247,0.24456,0.86503,0.99223,1,0.995,0.97295,0.23648,0.24237,0.62737,0.0001486,0.0001486,0.0001486
260,1252.46,0.25949,0.25002,0.8651,0.9938,1,0.995,0.97505,0.23171,0.24064,0.62805,0.0001453,0.0001453,0.0001453
261,1257.28,0.26465,0.2511,0.85557,0.99387,1,0.995,0.97499,0.23105,0.24708,0.62898,0.000142,0.000142,0.000142
262,1262.06,0.25148,0.25037,0.8672,0.99232,1,0.995,0.976,0.23236,0.25338,0.63016,0.0001387,0.0001387,0.0001387
263,1266.87,0.25247,0.24144,0.8632,0.99417,1,0.995,0.9795,0.23289,0.25446,0.63082,0.0001354,0.0001354,0.0001354
264,1271.69,0.24808,0.23833,0.86232,0.99255,1,0.995,0.97735,0.22895,0.2526,0.62986,0.0001321,0.0001321,0.0001321
265,1276.5,0.25497,0.24962,0.86326,0.99246,1,0.995,0.97697,0.22979,0.25353,0.63018,0.0001288,0.0001288,0.0001288
266,1281.29,0.24944,0.24014,0.85948,0.99253,1,0.995,0.97437,0.22979,0.25469,0.62987,0.0001255,0.0001255,0.0001255
267,1286.12,0.2506,0.24493,0.85767,0.99244,1,0.995,0.9762,0.22953,0.25355,0.62864,0.0001222,0.0001222,0.0001222
268,1290.9,0.25045,0.24565,0.86868,0.99212,1,0.995,0.97825,0.22949,0.2539,0.62839,0.0001189,0.0001189,0.0001189
269,1295.71,0.25282,0.2473,0.86285,0.9923,1,0.995,0.97827,0.22741,0.24661,0.62783,0.0001156,0.0001156,0.0001156
270,1300.5,0.25254,0.24342,0.86229,0.99245,1,0.995,0.97811,0.22719,0.24263,0.62842,0.0001123,0.0001123,0.0001123
271,1305.3,0.24571,0.23824,0.86552,0.99223,1,0.995,0.97685,0.22582,0.23957,0.62704,0.000109,0.000109,0.000109
272,1310.15,0.25398,0.24687,0.85901,0.99214,1,0.995,0.97688,0.22427,0.23971,0.62663,0.0001057,0.0001057,0.0001057
273,1314.95,0.24416,0.23956,0.85526,0.9922,1,0.995,0.9785,0.22222,0.23844,0.6262,0.0001024,0.0001024,0.0001024
274,1319.79,0.24774,0.2375,0.86013,0.99233,1,0.995,0.97863,0.22057,0.23628,0.62598,9.91e-05,9.91e-05,9.91e-05
275,1324.62,0.25101,0.23722,0.86411,0.99243,1,0.995,0.976,0.22521,0.23728,0.62654,9.58e-05,9.58e-05,9.58e-05
276,1329.49,0.24949,0.2495,0.86286,0.99227,1,0.995,0.97565,0.22172,0.23676,0.62571,9.25e-05,9.25e-05,9.25e-05
277,1334.35,0.24534,0.24341,0.86206,0.9924,1,0.995,0.97694,0.2231,0.23584,0.62502,8.92e-05,8.92e-05,8.92e-05
278,1339.14,0.24591,0.24333,0.85822,0.99228,1,0.995,0.97689,0.22301,0.2392,0.62554,8.59e-05,8.59e-05,8.59e-05
279,1343.94,0.23735,0.23757,0.85982,0.99241,1,0.995,0.97615,0.22226,0.23721,0.62585,8.26e-05,8.26e-05,8.26e-05
280,1348.74,0.26042,0.2579,0.86849,0.99257,1,0.995,0.97848,0.21944,0.23333,0.62514,7.93e-05,7.93e-05,7.93e-05
281,1353.53,0.25337,0.24749,0.85832,0.99257,1,0.995,0.97617,0.21947,0.2343,0.6255,7.6e-05,7.6e-05,7.6e-05
282,1358.37,0.23995,0.24638,0.85733,0.99266,1,0.995,0.97817,0.21954,0.23563,0.62581,7.27e-05,7.27e-05,7.27e-05
283,1363.16,0.2623,0.24976,0.86945,0.99238,1,0.995,0.9717,0.22536,0.23587,0.62615,6.94e-05,6.94e-05,6.94e-05
284,1368,0.24839,0.23988,0.86893,0.99238,1,0.995,0.97696,0.22352,0.23451,0.62649,6.61e-05,6.61e-05,6.61e-05
285,1372.79,0.25005,0.24058,0.85975,0.99237,1,0.995,0.97286,0.22618,0.23544,0.62611,6.28e-05,6.28e-05,6.28e-05
286,1377.6,0.25155,0.24103,0.86821,0.99211,1,0.995,0.97494,0.22754,0.23764,0.62682,5.95e-05,5.95e-05,5.95e-05
287,1382.45,0.25715,0.24817,0.86667,0.9922,1,0.995,0.97469,0.22622,0.23578,0.62628,5.62e-05,5.62e-05,5.62e-05
288,1387.21,0.25343,0.24006,0.85906,0.99233,1,0.995,0.97349,0.22596,0.2343,0.62628,5.29e-05,5.29e-05,5.29e-05
289,1392.02,0.25598,0.25315,0.8635,0.99219,1,0.995,0.9748,0.22455,0.23812,0.62686,4.96e-05,4.96e-05,4.96e-05
290,1396.83,0.24876,0.25053,0.85728,0.99238,1,0.995,0.97476,0.2226,0.23626,0.62559,4.63e-05,4.63e-05,4.63e-05
291,1402.16,0.19984,0.26708,0.81596,0.99014,1,0.99441,0.97229,0.22513,0.26134,0.62438,4.3e-05,4.3e-05,4.3e-05
292,1406.96,0.19509,0.2499,0.82833,0.98503,1,0.99411,0.97291,0.22814,0.29225,0.62464,3.97e-05,3.97e-05,3.97e-05
293,1411.83,0.19299,0.24288,0.81973,0.98523,1,0.99404,0.97095,0.23043,0.29004,0.62523,3.64e-05,3.64e-05,3.64e-05
294,1416.6,0.19822,0.24136,0.82879,0.98735,1,0.99404,0.9703,0.23244,0.28194,0.62567,3.31e-05,3.31e-05,3.31e-05
295,1421.4,0.19613,0.23988,0.81937,0.98904,1,0.99396,0.96779,0.22857,0.27474,0.62512,2.98e-05,2.98e-05,2.98e-05
296,1426.19,0.19406,0.23067,0.83158,0.98989,1,0.99381,0.97059,0.23184,0.2758,0.62571,2.65e-05,2.65e-05,2.65e-05
297,1430.98,0.19417,0.23147,0.82265,0.99028,1,0.99389,0.97303,0.23042,0.27151,0.6258,2.32e-05,2.32e-05,2.32e-05
298,1435.76,0.19313,0.23281,0.82483,0.99,1,0.99396,0.97052,0.22655,0.27266,0.6256,1.99e-05,1.99e-05,1.99e-05
299,1440.51,0.18342,0.23195,0.8148,0.9899,1,0.99396,0.97013,0.22825,0.27147,0.6255,1.66e-05,1.66e-05,1.66e-05
300,1445.27,0.19234,0.2312,0.82176,0.99016,1,0.99396,0.97129,0.22789,0.27028,0.6253,1.33e-05,1.33e-05,1.33e-05
